<?xml version="1.0" encoding="UTF-8"?>
<root>
  <item name="me.yokeyword.fragmentation.SupportActivity void start(me.yokeyword.fragmentation.SupportFragment, int) 1">
    <annotation name="android.support.annotation.IntDef">
      <val name="value" val="{me.yokeyword.fragmentation.SupportFragment.STANDARD, me.yokeyword.fragmentation.SupportFragment.SINGLETOP, me.yokeyword.fragmentation.SupportFragment.SINGLETASK}" />
    </annotation>
  </item>
  <item name="me.yokeyword.fragmentation.SupportFragment void start(me.yokeyword.fragmentation.SupportFragment, int) 1">
    <annotation name="android.support.annotation.IntDef">
      <val name="value" val="{me.yokeyword.fragmentation.SupportFragment.STANDARD, me.yokeyword.fragmentation.SupportFragment.SINGLETOP, me.yokeyword.fragmentation.SupportFragment.SINGLETASK}" />
    </annotation>
  </item>
</root>

