<?xml version="1.0" encoding="UTF-8"?>
<root>
  <item name="me.yokeyword.fragmentation.anim.FragmentAnimator enter">
    <annotation name="android.support.annotation.AnimRes" />
  </item>
  <item name="me.yokeyword.fragmentation.anim.FragmentAnimator exit">
    <annotation name="android.support.annotation.AnimRes" />
  </item>
  <item name="me.yokeyword.fragmentation.anim.FragmentAnimator popEnter">
    <annotation name="android.support.annotation.AnimRes" />
  </item>
  <item name="me.yokeyword.fragmentation.anim.FragmentAnimator popExit">
    <annotation name="android.support.annotation.AnimRes" />
  </item>
</root>

